{
  "project": "08_covid_xrays",
  "task": "COVID X-ray binary classification (positive vs negative) - COVIDx-style splits",
  "backbone": "resnet18 IMAGENET1K_V1 (frozen)",
  "sample_size_per_label": {
    "train": 600,
    "val": 200,
    "test": 200
  },
  "classes": [
    "negative",
    "positive"
  ],
  "val": {
    "split": "val",
    "accuracy": 0.8375,
    "f1_pos": 0.8370927318295739,
    "macro_f1": 0.8374989843686522,
    "roc_auc": 0.8944,
    "classification_report": {
      "negative": {
        "precision": 0.835820895522388,
        "recall": 0.84,
        "f1-score": 0.8379052369077307,
        "support": 200.0
      },
      "positive": {
        "precision": 0.8391959798994975,
        "recall": 0.835,
        "f1-score": 0.8370927318295739,
        "support": 200.0
      },
      "accuracy": 0.8375,
      "macro avg": {
        "precision": 0.8375084377109427,
        "recall": 0.8374999999999999,
        "f1-score": 0.8374989843686522,
        "support": 400.0
      },
      "weighted avg": {
        "precision": 0.8375084377109429,
        "recall": 0.8375,
        "f1-score": 0.8374989843686523,
        "support": 400.0
      }
    },
    "confusion_matrix": [
      [
        168,
        32
      ],
      [
        33,
        167
      ]
    ]
  },
  "test": {
    "split": "test",
    "accuracy": 0.55,
    "f1_pos": 0.6616541353383458,
    "macro_f1": 0.4950061721467849,
    "roc_auc": 0.577925,
    "classification_report": {
      "negative": {
        "precision": 0.6470588235294118,
        "recall": 0.22,
        "f1-score": 0.3283582089552239,
        "support": 200.0
      },
      "positive": {
        "precision": 0.5301204819277109,
        "recall": 0.88,
        "f1-score": 0.6616541353383458,
        "support": 200.0
      },
      "accuracy": 0.55,
      "macro avg": {
        "precision": 0.5885896527285613,
        "recall": 0.55,
        "f1-score": 0.4950061721467849,
        "support": 400.0
      },
      "weighted avg": {
        "precision": 0.5885896527285613,
        "recall": 0.55,
        "f1-score": 0.49500617214678483,
        "support": 400.0
      }
    },
    "confusion_matrix": [
      [
        44,
        156
      ],
      [
        24,
        176
      ]
    ]
  }
}